danceability,energy,key,loudness,mode,speechiness,acousticness,instrumentalness,liveness,valence,tempo,type,id,uri,track_href,analysis_url,duration_ms,time_signature,track_id,track_name,artist_name,album_name
0.713,0.16,9,-18.828,0,0.0623,0.606,0.485,0.111,0.242,138.058,audio_features,5FTu62s2XK1W0RlRmwVy3b,spotify:track:5FTu62s2XK1W0RlRmwVy3b,https://api.spotify.com/v1/tracks/5FTu62s2XK1W0RlRmwVy3b,https://api.spotify.com/v1/audio-analysis/5FTu62s2XK1W0RlRmwVy3b,148261,4,5FTu62s2XK1W0RlRmwVy3b,Isabella's Lullaby but is it okay if it's lofi?,Kijugo,Isabella's Lullaby but is it okay if it's lofi?
0.879,0.438,0,-15.566,1,0.0464,0.68,0.805,0.0864,0.433,120.007,audio_features,58mFTXwoEKzZUmofAYoCV2,spotify:track:58mFTXwoEKzZUmofAYoCV2,https://api.spotify.com/v1/tracks/58mFTXwoEKzZUmofAYoCV2,https://api.spotify.com/v1/audio-analysis/58mFTXwoEKzZUmofAYoCV2,152000,4,58mFTXwoEKzZUmofAYoCV2,Shinzo wo Sasageyo but is it okay if it's lofi?,Kijugo,Shinzo wo Sasageyo but is it okay if it's lofi?
0.751,0.258,7,-14.304,0,0.126,0.123,0.152,0.196,0.51,60.012,audio_features,640GYv0XyB1r9QsylKGFOi,spotify:track:640GYv0XyB1r9QsylKGFOi,https://api.spotify.com/v1/tracks/640GYv0XyB1r9QsylKGFOi,https://api.spotify.com/v1/audio-analysis/640GYv0XyB1r9QsylKGFOi,155000,4,640GYv0XyB1r9QsylKGFOi,Unravel but is it okay if it's lofi?,Kijugo,Unravel but is it okay if it's lofi?
0.601,0.194,6,-27.534,0,0.0347,0.943,0.945,0.159,0.206,140.033,audio_features,3jfz3xfTeVbcoatNFYkB9i,spotify:track:3jfz3xfTeVbcoatNFYkB9i,https://api.spotify.com/v1/tracks/3jfz3xfTeVbcoatNFYkB9i,https://api.spotify.com/v1/audio-analysis/3jfz3xfTeVbcoatNFYkB9i,133714,4,3jfz3xfTeVbcoatNFYkB9i,"Name of Love (From ""Attack on Titan"") [Lofi Version]",Palademix,Ani-Lofi
0.749,0.424,2,-15.792,0,0.197,0.874,0.891,0.175,0.155,120.072,audio_features,0LeJHys2xfHTJFGnZA1Is5,spotify:track:0LeJHys2xfHTJFGnZA1Is5,https://api.spotify.com/v1/tracks/0LeJHys2xfHTJFGnZA1Is5,https://api.spotify.com/v1/audio-analysis/0LeJHys2xfHTJFGnZA1Is5,135967,4,0LeJHys2xfHTJFGnZA1Is5,Crossing Field but is it okay if it's lofi?,Kijugo,Crossing Field but is it okay if it's lofi?
0.71,0.288,9,-16.738,1,0.06,0.292,0.559,0.101,0.546,80.004,audio_features,2EjRnCBXAC0LhGJNlcMOhp,spotify:track:2EjRnCBXAC0LhGJNlcMOhp,https://api.spotify.com/v1/tracks/2EjRnCBXAC0LhGJNlcMOhp,https://api.spotify.com/v1/audio-analysis/2EjRnCBXAC0LhGJNlcMOhp,167250,4,2EjRnCBXAC0LhGJNlcMOhp,Giorno's Theme but is it okay if it's lofi?,Kijugo,Giorno's Theme but is it okay if it's lofi?
0.745,0.481,3,-11.19,0,0.0451,0.477,0.825,0.363,0.332,119.837,audio_features,1pd9azdEJr6LmA6e6T034M,spotify:track:1pd9azdEJr6LmA6e6T034M,https://api.spotify.com/v1/tracks/1pd9azdEJr6LmA6e6T034M,https://api.spotify.com/v1/audio-analysis/1pd9azdEJr6LmA6e6T034M,202867,4,1pd9azdEJr6LmA6e6T034M,Secret Base but is it okay if it's lofi?,Kijugo,Secret Base but is it okay if it's lofi?
0.796,0.134,2,-15.341,0,0.0634,0.761,0.787,0.507,0.389,130.049,audio_features,1XO8HD42xLYpOVL3VuvX4y,spotify:track:1XO8HD42xLYpOVL3VuvX4y,https://api.spotify.com/v1/tracks/1XO8HD42xLYpOVL3VuvX4y,https://api.spotify.com/v1/audio-analysis/1XO8HD42xLYpOVL3VuvX4y,162462,4,1XO8HD42xLYpOVL3VuvX4y,Samidare but is it okay if it's lofi?,Kijugo,Samidare but is it okay if it's lofi?
0.66,0.154,4,-22.108,1,0.0445,0.883,0.909,0.111,0.058,120.087,audio_features,0TeYElHlc5OR2AXszt79AO,spotify:track:0TeYElHlc5OR2AXszt79AO,https://api.spotify.com/v1/tracks/0TeYElHlc5OR2AXszt79AO,https://api.spotify.com/v1/audio-analysis/0TeYElHlc5OR2AXszt79AO,146708,3,0TeYElHlc5OR2AXszt79AO,"History Maker (From ""Yuri!!! On ICE"") [Lofi Beat]",Celestial Alignment,lofi anime dreams
0.896,0.374,10,-19.658,1,0.106,0.754,0.875,0.122,0.641,139.959,audio_features,7dtI23uVx5Gcnhcc9N8JJl,spotify:track:7dtI23uVx5Gcnhcc9N8JJl,https://api.spotify.com/v1/tracks/7dtI23uVx5Gcnhcc9N8JJl,https://api.spotify.com/v1/audio-analysis/7dtI23uVx5Gcnhcc9N8JJl,115716,4,7dtI23uVx5Gcnhcc9N8JJl,Kaikai Kitan but is it okay if it's lofi?,Kijugo,Kaikai Kitan but is it okay if it's lofi?
0.898,0.389,9,-18.108,1,0.109,0.853,0.709,0.107,0.573,130.02,audio_features,7DZb7cKZSXe0diWbkxLS2e,spotify:track:7DZb7cKZSXe0diWbkxLS2e,https://api.spotify.com/v1/tracks/7DZb7cKZSXe0diWbkxLS2e,https://api.spotify.com/v1/audio-analysis/7DZb7cKZSXe0diWbkxLS2e,101356,4,7DZb7cKZSXe0diWbkxLS2e,My War but is it okay if it's lofi?,Kijugo,My War but is it okay if it's lofi?
0.679,0.384,0,-12.171,0,0.0318,0.202,0.855,0.239,0.37,140.186,audio_features,4ZRwXmftin5396X6wiBCt4,spotify:track:4ZRwXmftin5396X6wiBCt4,https://api.spotify.com/v1/tracks/4ZRwXmftin5396X6wiBCt4,https://api.spotify.com/v1/audio-analysis/4ZRwXmftin5396X6wiBCt4,109732,4,4ZRwXmftin5396X6wiBCt4,Kyoran Hey Kids!! (Noragami Aragoto),Otaku,Anime Lofi Vol. 1
0.34,0.325,11,-15.831,0,0.0422,0.822,0.925,0.374,0.1,69.482,audio_features,1e9SamSU6DSVdO02kVVD3J,spotify:track:1e9SamSU6DSVdO02kVVD3J,https://api.spotify.com/v1/tracks/1e9SamSU6DSVdO02kVVD3J,https://api.spotify.com/v1/audio-analysis/1e9SamSU6DSVdO02kVVD3J,195429,4,1e9SamSU6DSVdO02kVVD3J,Yamiyo but is it okay if it's lofi?,Kijugo,Yamiyo but is it okay if it's lofi?
0.86,0.241,9,-16.005,0,0.0547,0.834,0.881,0.167,0.3,119.984,audio_features,3eW7QqA0dcEiVKlXSe6GyV,spotify:track:3eW7QqA0dcEiVKlXSe6GyV,https://api.spotify.com/v1/tracks/3eW7QqA0dcEiVKlXSe6GyV,https://api.spotify.com/v1/audio-analysis/3eW7QqA0dcEiVKlXSe6GyV,199500,4,3eW7QqA0dcEiVKlXSe6GyV,Uso but is it okay if it's lofi?,Kijugo,Uso but is it okay if it's lofi?
0.658,0.366,7,-11.759,1,0.0315,0.699,0.367,0.231,0.191,90.043,audio_features,17vpZmGzA4mO7iLLlGuJio,spotify:track:17vpZmGzA4mO7iLLlGuJio,https://api.spotify.com/v1/tracks/17vpZmGzA4mO7iLLlGuJio,https://api.spotify.com/v1/audio-analysis/17vpZmGzA4mO7iLLlGuJio,141333,4,17vpZmGzA4mO7iLLlGuJio,Demon Slayer Gurenge LOFI,Sunday Vibes,Demon Slayer Gurenge LOFI
0.587,0.489,9,-21.12,0,0.0425,0.672,0.959,0.41,0.212,77.997,audio_features,50qmrfxhSENeZtOHmDK1xu,spotify:track:50qmrfxhSENeZtOHmDK1xu,https://api.spotify.com/v1/tracks/50qmrfxhSENeZtOHmDK1xu,https://api.spotify.com/v1/audio-analysis/50qmrfxhSENeZtOHmDK1xu,154547,4,50qmrfxhSENeZtOHmDK1xu,youseebiggirl but it's lofi (attack on titan),kurochuu.,youseebiggirl but it's lofi (attack on titan)
0.573,0.313,4,-14.633,0,0.0484,0.613,0.833,0.18,0.728,143.998,audio_features,4LV68uqftMrCC6VPYB6fQ7,spotify:track:4LV68uqftMrCC6VPYB6fQ7,https://api.spotify.com/v1/tracks/4LV68uqftMrCC6VPYB6fQ7,https://api.spotify.com/v1/audio-analysis/4LV68uqftMrCC6VPYB6fQ7,188409,4,4LV68uqftMrCC6VPYB6fQ7,Survive and Get the Blade - Remix,Rifti Beats,Demon Slayer
0.69,0.103,5,-23.567,1,0.0463,0.282,0.811,0.106,0.584,80.038,audio_features,5mGRmise3vL0WmUZIZoKiF,spotify:track:5mGRmise3vL0WmUZIZoKiF,https://api.spotify.com/v1/tracks/5mGRmise3vL0WmUZIZoKiF,https://api.spotify.com/v1/audio-analysis/5mGRmise3vL0WmUZIZoKiF,106213,4,5mGRmise3vL0WmUZIZoKiF,"Kamado Tanjiro No Uta (From ""Demon Slayer: Kimetsu No Yaiba"") [Lofi Beat]",Celestial Alignment,lofi anime dreams
0.619,0.269,7,-13.359,0,0.0495,0.988,0.895,0.208,0.216,94.29,audio_features,5x1bLqleRS0OlvT8N2dCCc,spotify:track:5x1bLqleRS0OlvT8N2dCCc,https://api.spotify.com/v1/tracks/5x1bLqleRS0OlvT8N2dCCc,https://api.spotify.com/v1/audio-analysis/5x1bLqleRS0OlvT8N2dCCc,87484,4,5x1bLqleRS0OlvT8N2dCCc,幻昼 - 钢琴版,文武贝,幻昼 (钢琴版)
0.649,0.6,8,-15.289,1,0.06,0.91,0.955,0.37,0.135,76.994,audio_features,0LgpScInSEhaNJ1SvMQBtz,spotify:track:0LgpScInSEhaNJ1SvMQBtz,https://api.spotify.com/v1/tracks/0LgpScInSEhaNJ1SvMQBtz,https://api.spotify.com/v1/audio-analysis/0LgpScInSEhaNJ1SvMQBtz,202097,4,0LgpScInSEhaNJ1SvMQBtz,identity but it's lofi (the promised neverland),kurochuu.,identity but it's lofi (the promised neverland)
0.793,0.343,4,-15.251,0,0.0593,0.542,0.914,0.125,0.353,110.054,audio_features,5lWk8MnxRVyMKLJoeaHSJ4,spotify:track:5lWk8MnxRVyMKLJoeaHSJ4,https://api.spotify.com/v1/tracks/5lWk8MnxRVyMKLJoeaHSJ4,https://api.spotify.com/v1/audio-analysis/5lWk8MnxRVyMKLJoeaHSJ4,117818,4,5lWk8MnxRVyMKLJoeaHSJ4,Crying for Rain but is it okay if it's lofi?,Kijugo,Crying for Rain but is it okay if it's lofi?
0.705,0.51,11,-10.843,0,0.0478,0.629,0.942,0.943,0.373,140.018,audio_features,5lgk6BoLLRtuikGEDh895g,spotify:track:5lgk6BoLLRtuikGEDh895g,https://api.spotify.com/v1/tracks/5lgk6BoLLRtuikGEDh895g,https://api.spotify.com/v1/audio-analysis/5lgk6BoLLRtuikGEDh895g,157714,4,5lgk6BoLLRtuikGEDh895g,Spectrum but is it okay if it's lofi?,Kijugo,Spectrum but is it okay if it's lofi?
0.468,0.199,0,-14.025,0,0.0626,0.923,0.938,0.321,0.501,99.94,audio_features,221o9DvmsX6zOIG8BbP3nz,spotify:track:221o9DvmsX6zOIG8BbP3nz,https://api.spotify.com/v1/tracks/221o9DvmsX6zOIG8BbP3nz,https://api.spotify.com/v1/audio-analysis/221o9DvmsX6zOIG8BbP3nz,201000,4,221o9DvmsX6zOIG8BbP3nz,Cruel Angel's Thesis but is it okay if it's lofi?,Kijugo,Cruel Angel's Thesis but is it okay if it's lofi?
0.913,0.242,7,-14.035,0,0.0852,0.217,0.84,0.34,0.277,139.973,audio_features,4GqPscwRIJPx0996n6waZN,spotify:track:4GqPscwRIJPx0996n6waZN,https://api.spotify.com/v1/tracks/4GqPscwRIJPx0996n6waZN,https://api.spotify.com/v1/audio-analysis/4GqPscwRIJPx0996n6waZN,158357,4,4GqPscwRIJPx0996n6waZN,PVZ but is it okay if it's lofi?,Kijugo,PVZ but is it okay if it's lofi?
0.743,0.106,10,-18.264,1,0.0496,0.789,0.897,0.134,0.0528,109.983,audio_features,5dOeOUJemhbvoprbZgpYFl,spotify:track:5dOeOUJemhbvoprbZgpYFl,https://api.spotify.com/v1/tracks/5dOeOUJemhbvoprbZgpYFl,https://api.spotify.com/v1/audio-analysis/5dOeOUJemhbvoprbZgpYFl,312545,4,5dOeOUJemhbvoprbZgpYFl,Red Swan Lofi,Cadred,Attack on Titan Lofi
0.62,0.679,6,-8.664,0,0.0431,0.896,0.927,0.139,0.21,135.115,audio_features,5l6ek7Tebvu4CyWw9rJZcQ,spotify:track:5l6ek7Tebvu4CyWw9rJZcQ,https://api.spotify.com/v1/tracks/5l6ek7Tebvu4CyWw9rJZcQ,https://api.spotify.com/v1/audio-analysis/5l6ek7Tebvu4CyWw9rJZcQ,207556,4,5l6ek7Tebvu4CyWw9rJZcQ,Hikaru Nara - Lofi Remix,dj-Jo,Hikaru Nara (Lofi Remix)
0.792,0.138,2,-17.393,0,0.0832,0.949,0.942,0.124,0.434,80.028,audio_features,1X6P1bmORix03PpL5oIxRj,spotify:track:1X6P1bmORix03PpL5oIxRj,https://api.spotify.com/v1/tracks/1X6P1bmORix03PpL5oIxRj,https://api.spotify.com/v1/audio-analysis/1X6P1bmORix03PpL5oIxRj,165000,4,1X6P1bmORix03PpL5oIxRj,Fukashigi no Carte but is it okay if it's lofi?,Kijugo,Fukashigi no Carte but is it okay if it's lofi?
0.85,0.225,11,-15.275,0,0.124,0.874,0.891,0.0966,0.293,139.993,audio_features,5AhaJ2oPmZ4ZpXquuS7vyb,spotify:track:5AhaJ2oPmZ4ZpXquuS7vyb,https://api.spotify.com/v1/tracks/5AhaJ2oPmZ4ZpXquuS7vyb,https://api.spotify.com/v1/audio-analysis/5AhaJ2oPmZ4ZpXquuS7vyb,219429,4,5AhaJ2oPmZ4ZpXquuS7vyb,Black Catcher but is it okay if it's lofi?,Kijugo,Black Catcher but is it okay if it's lofi?
0.74,0.222,4,-18.576,0,0.0586,0.468,0.918,0.0782,0.148,139.991,audio_features,3aLcJuAarDz0kzxcdSbAYc,spotify:track:3aLcJuAarDz0kzxcdSbAYc,https://api.spotify.com/v1/tracks/3aLcJuAarDz0kzxcdSbAYc,https://api.spotify.com/v1/audio-analysis/3aLcJuAarDz0kzxcdSbAYc,113804,4,3aLcJuAarDz0kzxcdSbAYc,Again (Full Metal),Otaku,Anime Lofi Vol. 1
0.847,0.146,0,-19.128,0,0.0674,0.838,0.929,0.211,0.205,119.986,audio_features,723iQZxU8MToulytMk7hkG,spotify:track:723iQZxU8MToulytMk7hkG,https://api.spotify.com/v1/tracks/723iQZxU8MToulytMk7hkG,https://api.spotify.com/v1/audio-analysis/723iQZxU8MToulytMk7hkG,192000,4,723iQZxU8MToulytMk7hkG,Kataware Doki but is it okay if it's lofi?,Kijugo,Kataware Doki but is it okay if it's lofi?
0.742,0.372,0,-18.892,1,0.0759,0.93,0.93,0.103,0.571,150.047,audio_features,1i66zsaWvcRUjaLC3avDBv,spotify:track:1i66zsaWvcRUjaLC3avDBv,https://api.spotify.com/v1/tracks/1i66zsaWvcRUjaLC3avDBv,https://api.spotify.com/v1/audio-analysis/1i66zsaWvcRUjaLC3avDBv,106800,4,1i66zsaWvcRUjaLC3avDBv,Good Morning World but is it okay if it's lofi?,Kijugo,Good Morning World but is it okay if it's lofi?
0.808,0.331,10,-13.345,1,0.0401,0.612,0.894,0.103,0.305,119.937,audio_features,6p7LCmClblM4MBjn4zaCW7,spotify:track:6p7LCmClblM4MBjn4zaCW7,https://api.spotify.com/v1/tracks/6p7LCmClblM4MBjn4zaCW7,https://api.spotify.com/v1/audio-analysis/6p7LCmClblM4MBjn4zaCW7,184000,4,6p7LCmClblM4MBjn4zaCW7,Kiss of Death but is it okay if it's lofi?,Kijugo,Kiss of Death but is it okay if it's lofi?
0.819,0.2,1,-13.333,0,0.0695,0.665,0.859,0.15,0.302,82.351,audio_features,37e31nThyKhdRp3we8ACPl,spotify:track:37e31nThyKhdRp3we8ACPl,https://api.spotify.com/v1/tracks/37e31nThyKhdRp3we8ACPl,https://api.spotify.com/v1/audio-analysis/37e31nThyKhdRp3we8ACPl,105550,4,37e31nThyKhdRp3we8ACPl,the day ~ my hero academia lofi,Closed on Sunday,the day ~ my hero academia lofi
0.73,0.326,1,-11.265,0,0.0527,0.864,0.932,0.102,0.209,120.005,audio_features,3NQ1xXh0XHaUTkaStccYUF,spotify:track:3NQ1xXh0XHaUTkaStccYUF,https://api.spotify.com/v1/tracks/3NQ1xXh0XHaUTkaStccYUF,https://api.spotify.com/v1/audio-analysis/3NQ1xXh0XHaUTkaStccYUF,221962,4,3NQ1xXh0XHaUTkaStccYUF,Inferno but is it okay if it's lofi?,Kijugo,Inferno but is it okay if it's lofi?
0.471,0.16,7,-16.251,1,0.0554,0.809,0.71,0.348,0.0446,120.599,audio_features,07z71gr2si2PFyH7PwN0Bq,spotify:track:07z71gr2si2PFyH7PwN0Bq,https://api.spotify.com/v1/tracks/07z71gr2si2PFyH7PwN0Bq,https://api.spotify.com/v1/audio-analysis/07z71gr2si2PFyH7PwN0Bq,108197,4,07z71gr2si2PFyH7PwN0Bq,Departure! ~ Hunter X Hunter Lofi,SuperDope,Departure! ~ Hunter X Hunter Lofi
0.826,0.248,2,-11.826,1,0.0386,0.808,0.871,0.102,0.324,79.973,audio_features,3NF3wBWuRRIU6Wyzauuoar,spotify:track:3NF3wBWuRRIU6Wyzauuoar,https://api.spotify.com/v1/tracks/3NF3wBWuRRIU6Wyzauuoar,https://api.spotify.com/v1/audio-analysis/3NF3wBWuRRIU6Wyzauuoar,172500,4,3NF3wBWuRRIU6Wyzauuoar,One Punch Man but is it okay if it's lofi?,Kijugo,One Punch Man but is it okay if it's lofi?
0.735,0.421,9,-15.261,1,0.0488,0.891,0.891,0.359,0.2,119.998,audio_features,42gNdN3PBsnkpBOobKq6q5,spotify:track:42gNdN3PBsnkpBOobKq6q5,https://api.spotify.com/v1/tracks/42gNdN3PBsnkpBOobKq6q5,https://api.spotify.com/v1/audio-analysis/42gNdN3PBsnkpBOobKq6q5,214641,4,42gNdN3PBsnkpBOobKq6q5,Kimi No Sei - Lofi Remix,dj-Jo,Kimi No Sei (Lofi Remix)
0.536,0.494,2,-16.959,0,0.0708,0.95,0.865,0.367,0.145,73.722,audio_features,0lWbLV5F4dkkmVIDRVYFNb,spotify:track:0lWbLV5F4dkkmVIDRVYFNb,https://api.spotify.com/v1/tracks/0lWbLV5F4dkkmVIDRVYFNb,https://api.spotify.com/v1/audio-analysis/0lWbLV5F4dkkmVIDRVYFNb,104016,4,0lWbLV5F4dkkmVIDRVYFNb,vivid vice but it's lofi (jujutsu kaisen),kurochuu.,vivid vice but it's lofi (jujutsu kaisen)
0.829,0.373,11,-11.741,0,0.103,0.603,0.257,0.0782,0.596,75.02,audio_features,4WEaFFgUIXVwPXNnhQMs9z,spotify:track:4WEaFFgUIXVwPXNnhQMs9z,https://api.spotify.com/v1/tracks/4WEaFFgUIXVwPXNnhQMs9z,https://api.spotify.com/v1/audio-analysis/4WEaFFgUIXVwPXNnhQMs9z,175600,4,4WEaFFgUIXVwPXNnhQMs9z,Naruto Silhouette LOFI,Sunday Vibes,Naruto Silhouette LOFI
0.867,0.272,11,-13.916,0,0.275,0.228,0.919,0.157,0.557,145.039,audio_features,569CIAcWLW3UzwrmGuZx8l,spotify:track:569CIAcWLW3UzwrmGuZx8l,https://api.spotify.com/v1/tracks/569CIAcWLW3UzwrmGuZx8l,https://api.spotify.com/v1/audio-analysis/569CIAcWLW3UzwrmGuZx8l,119586,4,569CIAcWLW3UzwrmGuZx8l,Polaris but is it okay if it's lofi?,Kijugo,Polaris but is it okay if it's lofi?
0.7,0.415,1,-12.962,0,0.0371,0.346,0.941,0.0967,0.35,124.009,audio_features,2BNJnr2IY3KaDVdOM9wnSB,spotify:track:2BNJnr2IY3KaDVdOM9wnSB,https://api.spotify.com/v1/tracks/2BNJnr2IY3KaDVdOM9wnSB,https://api.spotify.com/v1/audio-analysis/2BNJnr2IY3KaDVdOM9wnSB,141290,4,2BNJnr2IY3KaDVdOM9wnSB,Fly High but is it okay if it's lofi?,Kijugo,Fly High but is it okay if it's lofi?
0.704,0.326,2,-14.539,1,0.0681,0.897,0.942,0.266,0.0777,79.987,audio_features,3ROCJlR5o9k0XK5xrAqfhT,spotify:track:3ROCJlR5o9k0XK5xrAqfhT,https://api.spotify.com/v1/tracks/3ROCJlR5o9k0XK5xrAqfhT,https://api.spotify.com/v1/audio-analysis/3ROCJlR5o9k0XK5xrAqfhT,146992,4,3ROCJlR5o9k0XK5xrAqfhT,Genshin Impact - Lofi Remix,Peng Lexer,Genshin Impact (Lofi Remix)
0.703,0.277,4,-16.988,0,0.087,0.953,0.229,0.387,0.575,119.979,audio_features,6JlPfbN7veJUuefGaT3xQm,spotify:track:6JlPfbN7veJUuefGaT3xQm,https://api.spotify.com/v1/tracks/6JlPfbN7veJUuefGaT3xQm,https://api.spotify.com/v1/audio-analysis/6JlPfbN7veJUuefGaT3xQm,116000,4,6JlPfbN7veJUuefGaT3xQm,Iro Kousui but is it okay if it's lofi?,Kijugo,Iro Kousui but is it okay if it's lofi?
0.784,0.385,1,-12.477,1,0.0864,0.795,0.902,0.105,0.44,92.007,audio_features,3FtVNlJLb8ZHFtKDWuE9P8,spotify:track:3FtVNlJLb8ZHFtKDWuE9P8,https://api.spotify.com/v1/tracks/3FtVNlJLb8ZHFtKDWuE9P8,https://api.spotify.com/v1/audio-analysis/3FtVNlJLb8ZHFtKDWuE9P8,128342,4,3FtVNlJLb8ZHFtKDWuE9P8,Lost In Paradise but is it okay if it's lofi?,Kijugo,Lost In Paradise but is it okay if it's lofi?
0.636,0.293,8,-10.486,1,0.0277,0.826,0.578,0.116,0.286,76.01,audio_features,2BvE82xlCiqKQAbvo6WaCU,spotify:track:2BvE82xlCiqKQAbvo6WaCU,https://api.spotify.com/v1/tracks/2BvE82xlCiqKQAbvo6WaCU,https://api.spotify.com/v1/audio-analysis/2BvE82xlCiqKQAbvo6WaCU,104737,4,2BvE82xlCiqKQAbvo6WaCU,My Neighbor Totoro (Path of the Wind),Kato,Ghibli Vibes
0.734,0.415,5,-10.422,1,0.0333,0.792,0.83,0.341,0.475,79.996,audio_features,0cnRsDVV0HcCVDoDyTZodP,spotify:track:0cnRsDVV0HcCVDoDyTZodP,https://api.spotify.com/v1/tracks/0cnRsDVV0HcCVDoDyTZodP,https://api.spotify.com/v1/audio-analysis/0cnRsDVV0HcCVDoDyTZodP,218958,4,0cnRsDVV0HcCVDoDyTZodP,Dragon Force but is it okay if it's lofi?,Kijugo,Dragon Force but is it okay if it's lofi?
0.586,0.457,10,-9.215,1,0.029,0.566,0.893,0.12,0.21,110.034,audio_features,0mBRKg5LRwBO99x4VTAMOT,spotify:track:0mBRKg5LRwBO99x4VTAMOT,https://api.spotify.com/v1/tracks/0mBRKg5LRwBO99x4VTAMOT,https://api.spotify.com/v1/audio-analysis/0mBRKg5LRwBO99x4VTAMOT,133286,4,0mBRKg5LRwBO99x4VTAMOT,Howl's Moving Castle (Merry Go Round),Kato,Ghibli Vibes
0.687,0.403,11,-16.871,0,0.0813,0.806,0.811,0.284,0.297,76.011,audio_features,3FRDpYycmoY0R9WTOw788Y,spotify:track:3FRDpYycmoY0R9WTOw788Y,https://api.spotify.com/v1/tracks/3FRDpYycmoY0R9WTOw788Y,https://api.spotify.com/v1/audio-analysis/3FRDpYycmoY0R9WTOw788Y,107904,4,3FRDpYycmoY0R9WTOw788Y,homura but it's lofi (demon slayer),kurochuu.,homura but it's lofi (demon slayer)
0.616,0.292,11,-14.034,1,0.0515,0.902,0.907,0.363,0.215,132.035,audio_features,243Facyqi1faTp5J73y18d,spotify:track:243Facyqi1faTp5J73y18d,https://api.spotify.com/v1/tracks/243Facyqi1faTp5J73y18d,https://api.spotify.com/v1/audio-analysis/243Facyqi1faTp5J73y18d,126315,4,243Facyqi1faTp5J73y18d,shock but it's lofi (attack on titan),kurochuu.,shock but it's lofi (attack on titan)
0.52,0.283,1,-14.492,0,0.077,0.947,0.859,0.099,0.119,108.797,audio_features,37a8CBoVqBfYnESi8Oh82w,spotify:track:37a8CBoVqBfYnESi8Oh82w,https://api.spotify.com/v1/tracks/37a8CBoVqBfYnESi8Oh82w,https://api.spotify.com/v1/audio-analysis/37a8CBoVqBfYnESi8Oh82w,96033,1,37a8CBoVqBfYnESi8Oh82w,sadness and sorrow ~ naruto lofi,Closed on Sunday,sadness and sorrow ~ naruto lofi
0.549,0.29,0,-16.021,1,0.0337,0.704,0.806,0.106,0.212,80.073,audio_features,5rC7M1izBFGVdgN2qR3Pfi,spotify:track:5rC7M1izBFGVdgN2qR3Pfi,https://api.spotify.com/v1/tracks/5rC7M1izBFGVdgN2qR3Pfi,https://api.spotify.com/v1/audio-analysis/5rC7M1izBFGVdgN2qR3Pfi,103500,4,5rC7M1izBFGVdgN2qR3Pfi,Sparkle (Your Name),Kato,Anime & Chill 2
0.645,0.406,11,-11.286,0,0.0381,0.882,0.899,0.0887,0.226,120.006,audio_features,0DHOIbYfrjzlhF6IFEH08c,spotify:track:0DHOIbYfrjzlhF6IFEH08c,https://api.spotify.com/v1/tracks/0DHOIbYfrjzlhF6IFEH08c,https://api.spotify.com/v1/audio-analysis/0DHOIbYfrjzlhF6IFEH08c,84000,4,0DHOIbYfrjzlhF6IFEH08c,The World (Death Note),Kato,Anime & Chill 2
0.732,0.151,0,-15.732,0,0.0368,0.856,0.929,0.11,0.339,90.009,audio_features,4G9X7CZFiwfG2P99sIaaK2,spotify:track:4G9X7CZFiwfG2P99sIaaK2,https://api.spotify.com/v1/tracks/4G9X7CZFiwfG2P99sIaaK2,https://api.spotify.com/v1/audio-analysis/4G9X7CZFiwfG2P99sIaaK2,110598,4,4G9X7CZFiwfG2P99sIaaK2,A Cruel Angel's Thesis (Evangelion),Kato,Anime & Chill
0.716,0.395,8,-18.009,1,0.111,0.668,0.597,0.0958,0.174,150.107,audio_features,1sYMCBbVX9ys6j7bIn0c5o,spotify:track:1sYMCBbVX9ys6j7bIn0c5o,https://api.spotify.com/v1/tracks/1sYMCBbVX9ys6j7bIn0c5o,https://api.spotify.com/v1/audio-analysis/1sYMCBbVX9ys6j7bIn0c5o,131413,5,1sYMCBbVX9ys6j7bIn0c5o,"Naruto Ending Theme ""Wind""",Celestial Alignment,"Naruto Ending Theme ""Wind"""
0.884,0.183,2,-15.819,1,0.146,0.901,0.876,0.0825,0.261,140.09,audio_features,3hTjNujSnZRQx7NoTVviRS,spotify:track:3hTjNujSnZRQx7NoTVviRS,https://api.spotify.com/v1/tracks/3hTjNujSnZRQx7NoTVviRS,https://api.spotify.com/v1/audio-analysis/3hTjNujSnZRQx7NoTVviRS,123339,4,3hTjNujSnZRQx7NoTVviRS,call your name but it's lofi (attack on titan),kurochuu.,call your name but it's lofi (attack on titan)
0.847,0.274,6,-15.054,0,0.127,0.219,0.539,0.144,0.557,90.03,audio_features,2jRu7tJH0Imf0IrNrTGNEk,spotify:track:2jRu7tJH0Imf0IrNrTGNEk,https://api.spotify.com/v1/tracks/2jRu7tJH0Imf0IrNrTGNEk,https://api.spotify.com/v1/audio-analysis/2jRu7tJH0Imf0IrNrTGNEk,114593,4,2jRu7tJH0Imf0IrNrTGNEk,"Blue Bird (From ""Naruto Shippuden"") [Chillhop]",Celestial Alignment,lofi anime dreams
0.622,0.333,5,-15.96,1,0.0489,0.948,0.855,0.12,0.362,143.031,audio_features,5q00l1hd3NVzKwth9eR6wc,spotify:track:5q00l1hd3NVzKwth9eR6wc,https://api.spotify.com/v1/tracks/5q00l1hd3NVzKwth9eR6wc,https://api.spotify.com/v1/audio-analysis/5q00l1hd3NVzKwth9eR6wc,122487,4,5q00l1hd3NVzKwth9eR6wc,Fairy Fountain,Kato,Zelda Vibes
0.675,0.578,8,-11.747,1,0.051,0.222,0.699,0.0745,0.524,75.995,audio_features,0Y0oRGznoQr3X3X1GhYVif,spotify:track:0Y0oRGznoQr3X3X1GhYVif,https://api.spotify.com/v1/tracks/0Y0oRGznoQr3X3X1GhYVif,https://api.spotify.com/v1/audio-analysis/0Y0oRGznoQr3X3X1GhYVif,189474,4,0Y0oRGznoQr3X3X1GhYVif,Kamado Tanjirou No Uta (LoFi),TouchTone Da SoundGawd,Kamado Tanjirou No Uta (LoFi)
0.434,0.35,5,-15.274,1,0.0266,0.835,0.899,0.106,0.26,159.899,audio_features,1cZs6g0D92yj2tGOtFOt0p,spotify:track:1cZs6g0D92yj2tGOtFOt0p,https://api.spotify.com/v1/tracks/1cZs6g0D92yj2tGOtFOt0p,https://api.spotify.com/v1/audio-analysis/1cZs6g0D92yj2tGOtFOt0p,117000,4,1cZs6g0D92yj2tGOtFOt0p,Red Swan,Kato,Attack on Titan Vibes
0.673,0.202,4,-13.86,0,0.167,0.0263,0.846,0.111,0.0896,78.015,audio_features,4sLfFG174pxNKjkLrOkEEs,spotify:track:4sLfFG174pxNKjkLrOkEEs,https://api.spotify.com/v1/tracks/4sLfFG174pxNKjkLrOkEEs,https://api.spotify.com/v1/audio-analysis/4sLfFG174pxNKjkLrOkEEs,185130,4,4sLfFG174pxNKjkLrOkEEs,hollow purple,Senpai Xavi.,hollow purple
0.366,0.415,11,-13.336,0,0.0389,0.864,0.668,0.0996,0.268,89.975,audio_features,76JctwI0YsZXTc6CZvsku9,spotify:track:76JctwI0YsZXTc6CZvsku9,https://api.spotify.com/v1/tracks/76JctwI0YsZXTc6CZvsku9,https://api.spotify.com/v1/audio-analysis/76JctwI0YsZXTc6CZvsku9,95991,5,76JctwI0YsZXTc6CZvsku9,"The World (From ""Death Note"")",Kenzie Smith Piano,"Anime Music Collection Piano Solo, Vol. 4"
0.736,0.334,4,-20.89,0,0.0526,0.974,0.933,0.228,0.842,135.107,audio_features,2MWMSbfvo4VA4UnmOqo6rT,spotify:track:2MWMSbfvo4VA4UnmOqo6rT,https://api.spotify.com/v1/tracks/2MWMSbfvo4VA4UnmOqo6rT,https://api.spotify.com/v1/audio-analysis/2MWMSbfvo4VA4UnmOqo6rT,121080,4,2MWMSbfvo4VA4UnmOqo6rT,Death Note - L's Theme,Rhaeide,Death Note - L's Theme
0.517,0.199,9,-20.326,1,0.0441,0.967,0.91,0.121,0.643,168.005,audio_features,3IaoXcpLf81j6dnaY5RbUZ,spotify:track:3IaoXcpLf81j6dnaY5RbUZ,https://api.spotify.com/v1/tracks/3IaoXcpLf81j6dnaY5RbUZ,https://api.spotify.com/v1/audio-analysis/3IaoXcpLf81j6dnaY5RbUZ,173874,4,3IaoXcpLf81j6dnaY5RbUZ,Hikaru Nara,Cat Trumpet,Your Lie In April Piano Collection
0.749,0.247,1,-11.753,1,0.0328,0.723,0.924,0.108,0.333,98.016,audio_features,2gzXUbyI6UtQ03SbLtHK7U,spotify:track:2gzXUbyI6UtQ03SbLtHK7U,https://api.spotify.com/v1/tracks/2gzXUbyI6UtQ03SbLtHK7U,https://api.spotify.com/v1/audio-analysis/2gzXUbyI6UtQ03SbLtHK7U,106000,4,2gzXUbyI6UtQ03SbLtHK7U,Departure (Hunter X Hunter),Kato,Anime & Chill
0.788,0.105,6,-17.177,0,0.0558,0.855,0.884,0.109,0.441,120.02,audio_features,2yo91qEwGvykgUQWyAshUb,spotify:track:2yo91qEwGvykgUQWyAshUb,https://api.spotify.com/v1/tracks/2yo91qEwGvykgUQWyAshUb,https://api.spotify.com/v1/audio-analysis/2yo91qEwGvykgUQWyAshUb,131223,4,2yo91qEwGvykgUQWyAshUb,"Call of Silence (From ""Attack on Titan"") [Lofi Remix]",Kenma,"Call of Silence (From ""Attack on Titan"") [Lofi Remix]"
0.535,0.239,5,-28.404,1,0.0358,0.844,0.913,0.138,0.621,140.018,audio_features,5PZ4YH02w9BJJHLTG4aoBI,spotify:track:5PZ4YH02w9BJJHLTG4aoBI,https://api.spotify.com/v1/tracks/5PZ4YH02w9BJJHLTG4aoBI,https://api.spotify.com/v1/audio-analysis/5PZ4YH02w9BJJHLTG4aoBI,168857,4,5PZ4YH02w9BJJHLTG4aoBI,"Above (From ""Haikyuu"") [Lofi Version]",Palademix,Ani-Lofi
0.511,0.355,0,-11.725,0,0.0318,0.847,0.942,0.137,0.118,80.001,audio_features,2dwghmff11oX6BvSsYH0bT,spotify:track:2dwghmff11oX6BvSsYH0bT,https://api.spotify.com/v1/tracks/2dwghmff11oX6BvSsYH0bT,https://api.spotify.com/v1/audio-analysis/2dwghmff11oX6BvSsYH0bT,125401,4,2dwghmff11oX6BvSsYH0bT,Attack on Titan,Kato,Attack on Titan Vibes
0.418,0.355,0,-13.513,1,0.0303,0.958,0.917,0.148,0.272,180.118,audio_features,3UGbkycvji1lTp1AyRftYb,spotify:track:3UGbkycvji1lTp1AyRftYb,https://api.spotify.com/v1/tracks/3UGbkycvji1lTp1AyRftYb,https://api.spotify.com/v1/audio-analysis/3UGbkycvji1lTp1AyRftYb,127665,4,3UGbkycvji1lTp1AyRftYb,Spirited Away (One Summer's Day),Kato,Ghibli Vibes
0.27,0.733,6,-9.161,0,0.364,0.245,0.000325,0.111,0.0677,188.484,audio_features,5tmsr1uG9XjMz5DudzHufy,spotify:track:5tmsr1uG9XjMz5DudzHufy,https://api.spotify.com/v1/tracks/5tmsr1uG9XjMz5DudzHufy,https://api.spotify.com/v1/audio-analysis/5tmsr1uG9XjMz5DudzHufy,69593,4,5tmsr1uG9XjMz5DudzHufy,Rascal Does Not Dream of a Simple Date,Valley Swerve,Rascal Does Not Dream of a Simple Date
0.511,0.354,1,-14.28,0,0.084,0.0647,0.236,0.112,0.538,179.995,audio_features,4BqEU5WnVSjKoFCPrKQBKC,spotify:track:4BqEU5WnVSjKoFCPrKQBKC,https://api.spotify.com/v1/tracks/4BqEU5WnVSjKoFCPrKQBKC,https://api.spotify.com/v1/audio-analysis/4BqEU5WnVSjKoFCPrKQBKC,92736,4,4BqEU5WnVSjKoFCPrKQBKC,Rascal Does Not Dream of a Boombox,GhostlyJay,Rascal Does Not Dream of a Boombox
0.853,0.408,7,-13.163,1,0.105,0.457,0.936,0.271,0.548,120.002,audio_features,6jyCBf3dZrJBjCTkJtUFVY,spotify:track:6jyCBf3dZrJBjCTkJtUFVY,https://api.spotify.com/v1/tracks/6jyCBf3dZrJBjCTkJtUFVY,https://api.spotify.com/v1/audio-analysis/6jyCBf3dZrJBjCTkJtUFVY,198000,4,6jyCBf3dZrJBjCTkJtUFVY,Gurenge but is it okay if it's lofi?,Kijugo,Gurenge but is it okay if it's lofi?
0.809,0.193,5,-16.189,1,0.0427,0.499,0.906,0.117,0.26,140.009,audio_features,6ilH5MXPqcbYKxhG5CqxmM,spotify:track:6ilH5MXPqcbYKxhG5CqxmM,https://api.spotify.com/v1/tracks/6ilH5MXPqcbYKxhG5CqxmM,https://api.spotify.com/v1/audio-analysis/6ilH5MXPqcbYKxhG5CqxmM,153000,4,6ilH5MXPqcbYKxhG5CqxmM,Kamado Tanjiro no Uta but is it okay if it's lofi?,Kijugo,Kamado Tanjiro no Uta but is it okay if it's lofi?
0.771,0.324,1,-20.507,0,0.0455,0.959,0.949,0.328,0.102,114.0,audio_features,3hRy7kP25sgvIYoOndxA8C,spotify:track:3hRy7kP25sgvIYoOndxA8C,https://api.spotify.com/v1/tracks/3hRy7kP25sgvIYoOndxA8C,https://api.spotify.com/v1/audio-analysis/3hRy7kP25sgvIYoOndxA8C,133726,4,3hRy7kP25sgvIYoOndxA8C,my war but it's lofi (attack on titan),kurochuu.,my war but it's lofi (attack on titan)
0.503,0.303,10,-31.633,1,0.0343,0.926,0.962,0.0988,0.409,143.999,audio_features,3mqvRkfGzFvjdP1j46MnU9,spotify:track:3mqvRkfGzFvjdP1j46MnU9,https://api.spotify.com/v1/tracks/3mqvRkfGzFvjdP1j46MnU9,https://api.spotify.com/v1/audio-analysis/3mqvRkfGzFvjdP1j46MnU9,133333,4,3mqvRkfGzFvjdP1j46MnU9,"Kaikai Kitan (From ""Jujutsu Kaisen"") [Lofi Version]",Palademix,Ani-Lofi
0.803,0.58,10,-13.157,0,0.108,0.559,0.888,0.0709,0.79,125.017,audio_features,6IguK9VYQQSw7XeomG6QEc,spotify:track:6IguK9VYQQSw7XeomG6QEc,https://api.spotify.com/v1/tracks/6IguK9VYQQSw7XeomG6QEc,https://api.spotify.com/v1/audio-analysis/6IguK9VYQQSw7XeomG6QEc,102616,4,6IguK9VYQQSw7XeomG6QEc,Kyouran Hey Kids but is it okay if it's lofi?,Kijugo,Kyouran Hey Kids but is it okay if it's lofi?
0.779,0.257,4,-15.347,0,0.0791,0.84,0.91,0.378,0.54,79.999,audio_features,6c4xolpf2xHorBYtLzh7ql,spotify:track:6c4xolpf2xHorBYtLzh7ql,https://api.spotify.com/v1/tracks/6c4xolpf2xHorBYtLzh7ql,https://api.spotify.com/v1/audio-analysis/6c4xolpf2xHorBYtLzh7ql,156000,4,6c4xolpf2xHorBYtLzh7ql,Next To You but is it okay if it's lofi?,Kijugo,Next To You but is it okay if it's lofi?
0.793,0.259,11,-15.307,0,0.0838,0.599,0.954,0.0742,0.527,75.027,audio_features,3tH7q10DdS5iZSOfCXrXj4,spotify:track:3tH7q10DdS5iZSOfCXrXj4,https://api.spotify.com/v1/tracks/3tH7q10DdS5iZSOfCXrXj4,https://api.spotify.com/v1/audio-analysis/3tH7q10DdS5iZSOfCXrXj4,153562,4,3tH7q10DdS5iZSOfCXrXj4,Adventure Time but is it okay if it's lofi?,Kijugo,Adventure Time but is it okay if it's lofi?
0.718,0.234,8,-15.194,0,0.134,0.919,0.905,0.124,0.425,159.858,audio_features,4LYvFYViMMHhLfY9o22c5a,spotify:track:4LYvFYViMMHhLfY9o22c5a,https://api.spotify.com/v1/tracks/4LYvFYViMMHhLfY9o22c5a,https://api.spotify.com/v1/audio-analysis/4LYvFYViMMHhLfY9o22c5a,112500,4,4LYvFYViMMHhLfY9o22c5a,Prayer X but is it okay if it's lofi?,Kijugo,Prayer X but is it okay if it's lofi?
0.611,0.177,2,-21.919,1,0.0534,0.955,0.895,0.309,0.292,75.017,audio_features,2wSmbmiW7xpnw4LM6acaeC,spotify:track:2wSmbmiW7xpnw4LM6acaeC,https://api.spotify.com/v1/tracks/2wSmbmiW7xpnw4LM6acaeC,https://api.spotify.com/v1/audio-analysis/2wSmbmiW7xpnw4LM6acaeC,128067,4,2wSmbmiW7xpnw4LM6acaeC,heroes but it's lofi (my hero academia),kurochuu.,heroes but it's lofi (my hero academia)
0.531,0.532,6,-9.273,1,0.0365,0.587,0.953,0.0851,0.0622,99.994,audio_features,0vNzW1TElUxBiWRAX7JYue,spotify:track:0vNzW1TElUxBiWRAX7JYue,https://api.spotify.com/v1/tracks/0vNzW1TElUxBiWRAX7JYue,https://api.spotify.com/v1/audio-analysis/0vNzW1TElUxBiWRAX7JYue,161274,4,0vNzW1TElUxBiWRAX7JYue,Again (Your Lie in April),Kayou. Beats,Anime Lofi Beats
0.725,0.319,4,-12.432,0,0.038,0.759,0.821,0.186,0.298,126.008,audio_features,0eTQEpSLPnZhuahEuf1IE1,spotify:track:0eTQEpSLPnZhuahEuf1IE1,https://api.spotify.com/v1/tracks/0eTQEpSLPnZhuahEuf1IE1,https://api.spotify.com/v1/audio-analysis/0eTQEpSLPnZhuahEuf1IE1,109524,4,0eTQEpSLPnZhuahEuf1IE1,Demon Slayer (Rengoku Theme),A Samurai In Tokyo,Demon Slayer Lofi
0.86,0.426,0,-9.302,0,0.0371,0.682,0.919,0.0851,0.113,113.022,audio_features,3yw3uiwUjoGuX5j0wuejMt,spotify:track:3yw3uiwUjoGuX5j0wuejMt,https://api.spotify.com/v1/tracks/3yw3uiwUjoGuX5j0wuejMt,https://api.spotify.com/v1/audio-analysis/3yw3uiwUjoGuX5j0wuejMt,95575,4,3yw3uiwUjoGuX5j0wuejMt,Demon Slayer (Zenitsu Theme),A Samurai In Tokyo,Demon Slayer Lofi
0.604,0.45,7,-11.733,0,0.0562,0.00122,0.723,0.138,0.0967,159.999,audio_features,0rO5gkz3VEUshextBEDQhd,spotify:track:0rO5gkz3VEUshextBEDQhd,https://api.spotify.com/v1/tracks/0rO5gkz3VEUshextBEDQhd,https://api.spotify.com/v1/audio-analysis/0rO5gkz3VEUshextBEDQhd,89250,4,0rO5gkz3VEUshextBEDQhd,Kaikai Kitan - Jujutsu Kaisen Lofi,A Samurai In Tokyo,Anime & Chill Lofi
0.662,0.419,2,-10.2,0,0.0301,0.702,0.896,0.137,0.136,139.972,audio_features,6wPxsT2ten3eGhp0YnknCk,spotify:track:6wPxsT2ten3eGhp0YnknCk,https://api.spotify.com/v1/tracks/6wPxsT2ten3eGhp0YnknCk,https://api.spotify.com/v1/audio-analysis/6wPxsT2ten3eGhp0YnknCk,87429,4,6wPxsT2ten3eGhp0YnknCk,Demon Slayer (Akaza Theme),A Samurai In Tokyo,Demon Slayer Lofi
0.726,0.482,9,-9.478,0,0.0505,0.717,0.971,0.0834,0.525,127.382,audio_features,4GSmnzhD68LZCNEq229PEP,spotify:track:4GSmnzhD68LZCNEq229PEP,https://api.spotify.com/v1/tracks/4GSmnzhD68LZCNEq229PEP,https://api.spotify.com/v1/audio-analysis/4GSmnzhD68LZCNEq229PEP,90353,3,4GSmnzhD68LZCNEq229PEP,The Beginning - Jujutsu Kaisen Lofi,A Samurai In Tokyo,Jujustu Kaisen Lofi
0.499,0.47,9,-12.69,0,0.0344,0.322,0.857,0.127,0.127,174.003,audio_features,2roR5fXHnPua6iQBhzV7cJ,spotify:track:2roR5fXHnPua6iQBhzV7cJ,https://api.spotify.com/v1/tracks/2roR5fXHnPua6iQBhzV7cJ,https://api.spotify.com/v1/audio-analysis/2roR5fXHnPua6iQBhzV7cJ,93103,4,2roR5fXHnPua6iQBhzV7cJ,Put It In This Fist - Jujutsu Kaisen Lofi,A Samurai In Tokyo,Jujustu Kaisen Lofi
0.639,0.558,5,-10.645,0,0.0676,0.469,0.816,0.0706,0.128,160.013,audio_features,4zMUXAHWzYo444Akpyyjkk,spotify:track:4zMUXAHWzYo444Akpyyjkk,https://api.spotify.com/v1/tracks/4zMUXAHWzYo444Akpyyjkk,https://api.spotify.com/v1/audio-analysis/4zMUXAHWzYo444Akpyyjkk,81000,4,4zMUXAHWzYo444Akpyyjkk,Beyond Sacrifice - Jujutsu Kaisen Lofi,A Samurai In Tokyo,Jujustu Kaisen Lofi
0.629,0.485,8,-14.149,1,0.0306,0.658,0.934,0.0724,0.0992,89.988,audio_features,1PU1Zf3VJOy71JVQVzDSAi,spotify:track:1PU1Zf3VJOy71JVQVzDSAi,https://api.spotify.com/v1/tracks/1PU1Zf3VJOy71JVQVzDSAi,https://api.spotify.com/v1/audio-analysis/1PU1Zf3VJOy71JVQVzDSAi,80000,4,1PU1Zf3VJOy71JVQVzDSAi,Mitsuri Kanroji - Demon Slayer Lofi,A Samurai In Tokyo,Demon Slayer Lofi 3
0.611,0.379,0,-13.09,0,0.0406,0.853,0.932,0.238,0.118,80.001,audio_features,0NRsqUk9WmZv0STMdngnz9,spotify:track:0NRsqUk9WmZv0STMdngnz9,https://api.spotify.com/v1/tracks/0NRsqUk9WmZv0STMdngnz9,https://api.spotify.com/v1/audio-analysis/0NRsqUk9WmZv0STMdngnz9,91500,4,0NRsqUk9WmZv0STMdngnz9,Muichiro Tokito - Demon Slayer Lofi,A Samurai In Tokyo,Demon Slayer Lofi 3
0.584,0.556,1,-11.239,1,0.0392,0.882,0.935,0.378,0.138,95.081,audio_features,27mkGIMrWlnwFOmaYuF01g,spotify:track:27mkGIMrWlnwFOmaYuF01g,https://api.spotify.com/v1/tracks/27mkGIMrWlnwFOmaYuF01g,https://api.spotify.com/v1/audio-analysis/27mkGIMrWlnwFOmaYuF01g,169192,4,27mkGIMrWlnwFOmaYuF01g,Gurenge - Chill Lofi Ver.,A V I A N D,Gurenge (Chill Lofi Ver.)
0.797,0.348,10,-12.885,0,0.042,0.955,0.937,0.162,0.364,126.026,audio_features,1UmSXM9l5MVLOfEbeE67p8,spotify:track:1UmSXM9l5MVLOfEbeE67p8,https://api.spotify.com/v1/tracks/1UmSXM9l5MVLOfEbeE67p8,https://api.spotify.com/v1/audio-analysis/1UmSXM9l5MVLOfEbeE67p8,106667,4,1UmSXM9l5MVLOfEbeE67p8,Departure but is it okay if it's lofi?,Kijugo,Departure but is it okay if it's lofi?
0.782,0.385,5,-17.469,0,0.0413,0.832,0.846,0.0888,0.815,126.054,audio_features,7HXQv0vJfVJvMxyOEU0ePr,spotify:track:7HXQv0vJfVJvMxyOEU0ePr,https://api.spotify.com/v1/tracks/7HXQv0vJfVJvMxyOEU0ePr,https://api.spotify.com/v1/audio-analysis/7HXQv0vJfVJvMxyOEU0ePr,184762,4,7HXQv0vJfVJvMxyOEU0ePr,Blue Bird but is it okay if it's lofi?,Kijugo,Blue Bird but is it okay if it's lofi?
